"","StationCode","SampleDate","Subregion.x","StationName.x","Project.x","Projectcode","n_taxa","n_E","n_P","n_T","n_O","n_D","n_Phylum_NA","n_Arthropoda","n_Annelida","n_Nematoda","n_Ectoprocta","n_Bacillariophyta","n_Cryptophyta","n_Heterokontophyta","n_Ochrophyta","n_Coelenterata","n_Nemertea","n_Mollusca","n_Platyhelminthes","n_Bryozoa","n_Cyanobacteria","n_Chlorophyta","n_Euglenozoa","n_Streptophyta","n_Rhodophyta","n_Chordata","EPT_taxa","EPT_index","ETO_taxa","ETO_index","StationName.y","SampleDate.wq","Project.y","n","Subregion.y","n_Alk","mean_Alk","sd_Alk","min_Alk","max_Alk","n_N","mean_N","sd_N","min_N","max_N","n_Chl_F","mean_Chl_F","sd_Chl_F","min_Chl_F","max_Chl_F","n_Chl_TR","mean_Chl_TR","sd_Chl_TR","min_Chl_TR","max_Chl_TR","n_DO","mean_DO","sd_DO","min_DO","max_DO","n_pH","mean_pH","sd_pH","min_pH","max_pH","n_Sal","mean_Sal","sd_Sal","min_Sal","max_Sal","n_Secc","mean_Secc","sd_Secc","min_Secc","max_Secc","n_Cond","mean_Cond","sd_Cond","min_Cond","max_Cond","n_Temp","mean_Temp","sd_Temp","min_Temp","max_Temp","n_Turb","mean_Turb","sd_Turb","min_Turb","max_Turb","n_Vel","mean_Vel","sd_Vel","min_Vel","max_Vel"
"1","510STODWx",2014-06-18,"Sacramento River","Stone Lakes","EPA 104b3 Depressional CRAM Validation","EPA_DEP_CRAM_VAL_2014",92,1,0,0,2,18,0,31,1,0,0,48,0,1,0,0,0,4,0,0,0,0,0,0,0,7,1,0.0108695652173913,3,0.0326086956521739,"Stone Lakes",2014-06-18,"EPA 104b3 Depressional CRAM Validation",16,"Sacramento River",2,135,0,135,135,0,NA,NA,NA,NA,0,NA,NA,NA,NA,0,NA,NA,NA,NA,2,7.69,1.65462986797652,6.52,8.86,2,7.575,0.0494974746830585,7.54,7.61,2,0.25,0,0.25,0.25,0,NA,NA,NA,NA,2,487.5,4.94974746830583,484,491,2,21.64,0.0141421356237306,21.63,21.65,2,NA,NA,NA,NA,0,NA,NA,NA,NA
"2","543R00137",2012-05-15,"Confluence","Deer Cr_137-543R00137","CCCWP Creek Status Monitoring in WY2012","CCCWP_CSM_WY2012",53,0,0,0,0,0,0,0,0,0,0,42,1,1,0,0,0,0,0,0,4,4,1,0,0,0,0,0,0,0,"Deer Cr_137-543R00137",2012-05-15,"CCCWP Creek Status Monitoring in WY2012",8,"Confluence",0,NA,NA,NA,NA,0,NA,NA,NA,NA,1,0,NA,0,0,1,0,NA,0,0,1,8.65,NA,8.65,8.65,1,8.02,NA,8.02,8.02,0,NA,NA,NA,NA,0,NA,NA,NA,NA,1,2692,NA,2692,2692,1,19.36,NA,19.36,19.36,0,NA,NA,NA,NA,1,0.0309091,NA,0.0309091,0.0309091
"3","543R01103",2015-04-21,"Confluence","West Antioch Creek","CCCWP Creek Status Monitoring in WY2015","CCCWP_CSM_WY2015",89,1,0,2,1,10,0,15,1,0,0,59,0,1,0,0,0,3,1,0,2,6,0,0,1,0,3,0.0337078651685393,4,0.0449438202247191,"West Antioch Creek",2015-04-21,"CCCWP Creek Status Monitoring in WY2015",6,"Confluence",0,NA,NA,NA,NA,0,NA,NA,NA,NA,0,NA,NA,NA,NA,0,NA,NA,NA,NA,1,10.37,NA,10.37,10.37,1,7.96,NA,7.96,7.96,1,1.58,NA,1.58,1.58,0,NA,NA,NA,NA,1,2640,NA,2640,2640,1,18.44,NA,18.44,18.44,0,NA,NA,NA,NA,1,0.06,NA,0.06,0.06
"4","544CCC001",2011-06-06,"Confluence","San Joaquin in Antioch Ship Channel","RWB5 Clear Lake and Delta Cyanobacteria FY1011","RWB5_CyanoBac_FY1011",4,0,0,0,0,0,0,0,0,0,0,0,0,0,0,0,0,0,0,0,4,0,0,0,0,0,0,0,0,0,"San Joaquin in Antioch Ship Channel",2011-06-06,"RWB5 Clear Lake and Delta Cyanobacteria FY1011",6,"Confluence",0,NA,NA,NA,NA,0,NA,NA,NA,NA,0,NA,NA,NA,NA,0,NA,NA,NA,NA,1,8.77,NA,8.77,8.77,1,7.13,NA,7.13,7.13,0,NA,NA,NA,NA,1,0.88,NA,0.88,0.88,1,153,NA,153,153,1,16.1,NA,16.1,16.1,1,8.7,NA,8.7,8.7,0,NA,NA,NA,NA
"5","544CCC001",2011-07-06,"Confluence","San Joaquin in Antioch Ship Channel","RWB5 Clear Lake and Delta Cyanobacteria FY1112","RWB5_CyanoBac_FY1112",4,0,0,0,0,0,0,0,0,0,0,0,0,0,0,0,0,0,0,0,4,0,0,0,0,0,0,0,0,0,"San Joaquin in Antioch Ship Channel",2011-07-06,"RWB5 Clear Lake and Delta Cyanobacteria FY1112",6,"Confluence",0,NA,NA,NA,NA,0,NA,NA,NA,NA,0,NA,NA,NA,NA,0,NA,NA,NA,NA,1,7.95,NA,7.95,7.95,1,7.6,NA,7.6,7.6,0,NA,NA,NA,NA,1,0.92,NA,0.92,0.92,1,126,NA,126,126,1,22.09,NA,22.09,22.09,1,8.6,NA,8.6,8.6,0,NA,NA,NA,NA
"6","544CCC001",2011-08-19,"Confluence","San Joaquin in Antioch Ship Channel","RWB5 Clear Lake and Delta Cyanobacteria FY1112","RWB5_CyanoBac_FY1112",4,0,0,0,0,0,0,0,0,0,0,0,0,0,0,0,0,0,0,0,4,0,0,0,0,0,0,0,0,0,"San Joaquin in Antioch Ship Channel",2011-08-19,"RWB5 Clear Lake and Delta Cyanobacteria FY1112",6,"Confluence",0,NA,NA,NA,NA,0,NA,NA,NA,NA,0,NA,NA,NA,NA,0,NA,NA,NA,NA,1,8,NA,8,8,1,7.5,NA,7.5,7.5,0,NA,NA,NA,NA,1,0.6,NA,0.6,0.6,1,704,NA,704,704,1,22,NA,22,22,1,13,NA,13,13,0,NA,NA,NA,NA
"7","544CCC001",2011-09-20,"Confluence","San Joaquin in Antioch Ship Channel","RWB5 Clear Lake and Delta Cyanobacteria FY1112","RWB5_CyanoBac_FY1112",4,0,0,0,0,0,0,0,0,0,0,0,0,0,0,0,0,0,0,0,4,0,0,0,0,0,0,0,0,0,"San Joaquin in Antioch Ship Channel",2011-09-20,"RWB5 Clear Lake and Delta Cyanobacteria FY1112",6,"Confluence",0,NA,NA,NA,NA,0,NA,NA,NA,NA,0,NA,NA,NA,NA,0,NA,NA,NA,NA,1,8.3,NA,8.3,8.3,1,7.94,NA,7.94,7.94,0,NA,NA,NA,NA,1,0.88,NA,0.88,0.88,1,318,NA,318,318,1,21.6,NA,21.6,21.6,1,8.6,NA,8.6,8.6,0,NA,NA,NA,NA
"8","544CCC001",2011-10-17,"Confluence","San Joaquin in Antioch Ship Channel","RWB5 Clear Lake and Delta Cyanobacteria FY1112","RWB5_CyanoBac_FY1112",4,0,0,0,0,0,0,0,0,0,0,0,0,0,0,0,0,0,0,0,4,0,0,0,0,0,0,0,0,0,"San Joaquin in Antioch Ship Channel",2011-10-17,"RWB5 Clear Lake and Delta Cyanobacteria FY1112",6,"Confluence",0,NA,NA,NA,NA,0,NA,NA,NA,NA,0,NA,NA,NA,NA,0,NA,NA,NA,NA,1,8.62,NA,8.62,8.62,1,7.74,NA,7.74,7.74,0,NA,NA,NA,NA,1,0.96,NA,0.96,0.96,1,264,NA,264,264,1,18.3,NA,18.3,18.3,1,5.9,NA,5.9,5.9,0,NA,NA,NA,NA
"9","544CCC003",2011-06-06,"Central Delta","Old River at Frankís Tract (SJR -flooded island)","RWB5 Clear Lake and Delta Cyanobacteria FY1011","RWB5_CyanoBac_FY1011",8,0,0,0,0,0,0,0,0,0,0,0,0,0,0,0,0,0,0,0,8,0,0,0,0,0,0,0,0,0,"Old River at Frank∆s Tract (SJR -flooded island)",2011-06-06,"RWB5 Clear Lake and Delta Cyanobacteria FY1011",6,"Central Delta",0,NA,NA,NA,NA,0,NA,NA,NA,NA,0,NA,NA,NA,NA,0,NA,NA,NA,NA,1,8.57,NA,8.57,8.57,1,7.24,NA,7.24,7.24,0,NA,NA,NA,NA,1,1.6,NA,1.6,1.6,1,168,NA,168,168,1,17.1,NA,17.1,17.1,1,4.9,NA,4.9,4.9,0,NA,NA,NA,NA
"10","544CCC003",2011-07-06,"Central Delta","Old River at Frankís Tract (SJR -flooded island)","RWB5 Clear Lake and Delta Cyanobacteria FY1112","RWB5_CyanoBac_FY1112",4,0,0,0,0,0,0,0,0,0,0,0,0,0,0,0,0,0,0,0,4,0,0,0,0,0,0,0,0,0,"Old River at Frank∆s Tract (SJR -flooded island)",2011-07-06,"RWB5 Clear Lake and Delta Cyanobacteria FY1112",6,"Central Delta",0,NA,NA,NA,NA,0,NA,NA,NA,NA,0,NA,NA,NA,NA,0,NA,NA,NA,NA,1,8.29,NA,8.29,8.29,1,7.87,NA,7.87,7.87,0,NA,NA,NA,NA,1,1.52,NA,1.52,1.52,1,119,NA,119,119,1,22.69,NA,22.69,22.69,1,3,NA,3,3,0,NA,NA,NA,NA
"11","544CCC003",2011-08-19,"Central Delta","Old River at Frankís Tract (SJR -flooded island)","RWB5 Clear Lake and Delta Cyanobacteria FY1112","RWB5_CyanoBac_FY1112",7,0,0,0,0,0,0,0,0,0,0,0,0,0,0,0,0,0,0,0,7,0,0,0,0,0,0,0,0,0,"Old River at Frank∆s Tract (SJR -flooded island)",2011-08-19,"RWB5 Clear Lake and Delta Cyanobacteria FY1112",6,"Central Delta",0,NA,NA,NA,NA,0,NA,NA,NA,NA,0,NA,NA,NA,NA,0,NA,NA,NA,NA,1,7.8,NA,7.8,7.8,1,7.43,NA,7.43,7.43,0,NA,NA,NA,NA,1,1.24,NA,1.24,1.24,1,219,NA,219,219,1,22.7,NA,22.7,22.7,1,6.7,NA,6.7,6.7,0,NA,NA,NA,NA
"12","544CCC003",2011-09-20,"Central Delta","Old River at Frankís Tract (SJR -flooded island)","RWB5 Clear Lake and Delta Cyanobacteria FY1112","RWB5_CyanoBac_FY1112",8,0,0,0,0,0,0,0,0,0,0,0,0,0,0,0,0,0,0,0,8,0,0,0,0,0,0,0,0,0,"Old River at Frank∆s Tract (SJR -flooded island)",2011-09-20,"RWB5 Clear Lake and Delta Cyanobacteria FY1112",6,"Central Delta",0,NA,NA,NA,NA,0,NA,NA,NA,NA,0,NA,NA,NA,NA,0,NA,NA,NA,NA,1,8.47,NA,8.47,8.47,1,8.06,NA,8.06,8.06,0,NA,NA,NA,NA,1,1.48,NA,1.48,1.48,1,186,NA,186,186,1,22.1,NA,22.1,22.1,1,5.6,NA,5.6,5.6,0,NA,NA,NA,NA
"13","544CCC003",2011-10-17,"Central Delta","Old River at Frankís Tract (SJR -flooded island)","RWB5 Clear Lake and Delta Cyanobacteria FY1112","RWB5_CyanoBac_FY1112",4,0,0,0,0,0,0,0,0,0,0,0,0,0,0,0,0,0,0,0,4,0,0,0,0,0,0,0,0,0,"Old River at Frank∆s Tract (SJR -flooded island)",2011-10-17,"RWB5 Clear Lake and Delta Cyanobacteria FY1112",6,"Central Delta",0,NA,NA,NA,NA,0,NA,NA,NA,NA,0,NA,NA,NA,NA,0,NA,NA,NA,NA,1,8.38,NA,8.38,8.38,1,7.8,NA,7.8,7.8,0,NA,NA,NA,NA,1,2.12,NA,2.12,2.12,1,159,NA,159,159,1,18.6,NA,18.6,18.6,1,NA,NA,NA,NA,0,NA,NA,NA,NA
"14","544CCC004",2011-06-06,"Central Delta","Old River at Rancho del Rio","RWB5 Clear Lake and Delta Cyanobacteria FY1011","RWB5_CyanoBac_FY1011",4,0,0,0,0,0,0,0,0,0,0,0,0,0,0,0,0,0,0,0,4,0,0,0,0,0,0,0,0,0,"Old River at Rancho del Rio",2011-06-06,"RWB5 Clear Lake and Delta Cyanobacteria FY1011",6,"Central Delta",0,NA,NA,NA,NA,0,NA,NA,NA,NA,0,NA,NA,NA,NA,0,NA,NA,NA,NA,1,8.57,NA,8.57,8.57,1,7.37,NA,7.37,7.37,0,NA,NA,NA,NA,1,2,NA,2,2,1,202,NA,202,202,1,17.8,NA,17.8,17.8,1,4.8,NA,4.8,4.8,0,NA,NA,NA,NA
"15","544CCC004",2011-07-06,"Central Delta","Old River at Rancho del Rio","RWB5 Clear Lake and Delta Cyanobacteria FY1112","RWB5_CyanoBac_FY1112",8,0,0,0,0,0,0,0,0,0,0,0,0,0,0,0,0,0,0,0,8,0,0,0,0,0,0,0,0,0,"Old River at Rancho del Rio",2011-07-06,"RWB5 Clear Lake and Delta Cyanobacteria FY1112",6,"Central Delta",0,NA,NA,NA,NA,0,NA,NA,NA,NA,0,NA,NA,NA,NA,0,NA,NA,NA,NA,1,7.92,NA,7.92,7.92,1,7.92,NA,7.92,7.92,0,NA,NA,NA,NA,1,1.8,NA,1.8,1.8,1,139,NA,139,139,1,25.04,NA,25.04,25.04,1,4.7,NA,4.7,4.7,0,NA,NA,NA,NA
"16","544CCC004",2011-08-19,"Central Delta","Old River at Rancho del Rio","RWB5 Clear Lake and Delta Cyanobacteria FY1112","RWB5_CyanoBac_FY1112",4,0,0,0,0,0,0,0,0,0,0,0,0,0,0,0,0,0,0,0,4,0,0,0,0,0,0,0,0,0,"Old River at Rancho del Rio",2011-08-19,"RWB5 Clear Lake and Delta Cyanobacteria FY1112",6,"Central Delta",0,NA,NA,NA,NA,0,NA,NA,NA,NA,0,NA,NA,NA,NA,0,NA,NA,NA,NA,1,8.4,NA,8.4,8.4,1,7.83,NA,7.83,7.83,0,NA,NA,NA,NA,1,2,NA,2,2,1,176,NA,176,176,1,24.2,NA,24.2,24.2,1,4,NA,4,4,0,NA,NA,NA,NA
"17","544CCC004",2011-09-20,"Central Delta","Old River at Rancho del Rio","RWB5 Clear Lake and Delta Cyanobacteria FY1112","RWB5_CyanoBac_FY1112",4,0,0,0,0,0,0,0,0,0,0,0,0,0,0,0,0,0,0,0,4,0,0,0,0,0,0,0,0,0,"Old River at Rancho del Rio",2011-09-20,"RWB5 Clear Lake and Delta Cyanobacteria FY1112",6,"Central Delta",0,NA,NA,NA,NA,0,NA,NA,NA,NA,0,NA,NA,NA,NA,0,NA,NA,NA,NA,1,8.7,NA,8.7,8.7,1,8.28,NA,8.28,8.28,0,NA,NA,NA,NA,1,2.84,NA,2.84,2.84,1,181,NA,181,181,1,23,NA,23,23,1,3.7,NA,3.7,3.7,0,NA,NA,NA,NA
"18","544CCC004",2011-10-17,"Central Delta","Old River at Rancho del Rio","RWB5 Clear Lake and Delta Cyanobacteria FY1112","RWB5_CyanoBac_FY1112",4,0,0,0,0,0,0,0,0,0,0,0,0,0,0,0,0,0,0,0,4,0,0,0,0,0,0,0,0,0,"Old River at Rancho del Rio",2011-10-17,"RWB5 Clear Lake and Delta Cyanobacteria FY1112",6,"Central Delta",0,NA,NA,NA,NA,0,NA,NA,NA,NA,0,NA,NA,NA,NA,0,NA,NA,NA,NA,1,8.34,NA,8.34,8.34,1,7.98,NA,7.98,7.98,0,NA,NA,NA,NA,1,3.44,NA,3.44,3.44,1,164,NA,164,164,1,19.5,NA,19.5,19.5,1,NA,NA,NA,NA,0,NA,NA,NA,NA
"19","544PS0725",2015-04-16,"Confluence","Marsh Creek ~0.3mi above Hwy 4","Statewide Perennial Streams Assessment 2015","SWB_PSA_2015",85,1,0,0,0,16,0,21,1,0,0,26,0,3,0,0,0,1,0,0,15,17,0,1,0,0,1,0.0117647058823529,1,0.0117647058823529,"Marsh Creek ~0.3mi above Hwy 4",2015-04-16,"Statewide Perennial Streams Assessment 2015",8,"Confluence",1,156,NA,156,156,0,NA,NA,NA,NA,0,NA,NA,NA,NA,0,NA,NA,NA,NA,1,11.36,NA,11.36,11.36,1,8.1,NA,8.1,8.1,1,0.2,NA,0.2,0.2,0,NA,NA,NA,NA,1,1574,NA,1574,1574,1,18.4,NA,18.4,18.4,1,11.37,NA,11.37,11.37,1,0,NA,0,0
"20","544PS0917",2019-05-20,"Confluence","Marsh Creek ~0.4mi below Balfour Rd.","Statewide Perennial Streams Assessment 2019","SWB_PSA_2019",43,4,0,1,0,27,0,37,2,0,0,0,0,0,0,0,0,4,0,0,0,0,0,0,0,0,5,0.116279069767442,5,0.116279069767442,"Marsh Creek ~0.4mi below Balfour Rd.",2019-05-20,"Statewide Perennial Streams Assessment 2019",9,"Confluence",1,280,NA,280,280,0,NA,NA,NA,NA,0,NA,NA,NA,NA,0,NA,NA,NA,NA,1,9.61,NA,9.61,9.61,1,8.4,NA,8.4,8.4,1,0.4,NA,0.4,0.4,0,NA,NA,NA,NA,1,900,NA,900,900,1,1,NA,1,1,1,8.17,NA,8.17,8.17,1,0,NA,0,0
"21","544R00025",2012-05-15,"Confluence","Dry Cr_25-544R00025","CCCWP Creek Status Monitoring in WY2012","CCCWP_CSM_WY2012",39,0,0,0,0,0,0,0,0,0,0,31,1,0,0,0,0,0,0,0,3,4,0,0,0,0,0,0,0,0,"Dry Cr_25-544R00025",2012-05-15,"CCCWP Creek Status Monitoring in WY2012",8,"Confluence",0,NA,NA,NA,NA,0,NA,NA,NA,NA,1,0,NA,0,0,1,0,NA,0,0,1,5.71,NA,5.71,5.71,1,7.78,NA,7.78,7.78,0,NA,NA,NA,NA,0,NA,NA,NA,NA,1,1673,NA,1673,1673,1,15.41,NA,15.41,15.41,0,NA,NA,NA,NA,1,0.0366667,NA,0.0366667,0.0366667
"22","544R00281",2013-05-15,"Confluence","Marsh Creek 30m Southwest of Brentwood Boulevard, Brentwood-544R00281","CCCWP Creek Status Monitoring in WY2013","CCCWP_CSM_WY2013",10,0,0,0,0,0,0,0,0,0,0,0,0,1,0,0,0,0,0,0,4,5,0,0,0,0,4,0.4,5,0.5,"Marsh Creek 30m Southwest of Brentwood Boulevard, Brentwood-544R00281",2013-05-15,"CCCWP Creek Status Monitoring in WY2013",8,"Confluence",0,NA,NA,NA,NA,0,NA,NA,NA,NA,1,0,NA,0,0,1,0,NA,0,0,1,10.01,NA,10.01,10.01,1,8.14,NA,8.14,8.14,1,NA,NA,NA,NA,0,NA,NA,NA,NA,1,1275,NA,1275,1275,1,21.92,NA,21.92,21.92,0,NA,NA,NA,NA,1,0.06,NA,0.06,0.06
"23","544R01049",2015-04-20,"Confluence","Dry Creek","CCCWP Creek Status Monitoring in WY2015","CCCWP_CSM_WY2015",95,1,0,0,0,8,0,11,1,0,0,61,0,2,1,0,0,2,0,0,4,10,1,2,0,0,1,0.0105263157894737,1,0.0105263157894737,"Dry Creek",2015-04-20,"CCCWP Creek Status Monitoring in WY2015",6,"Confluence",0,NA,NA,NA,NA,0,NA,NA,NA,NA,0,NA,NA,NA,NA,0,NA,NA,NA,NA,1,8.73,NA,8.73,8.73,1,7.65,NA,7.65,7.65,1,1.58,NA,1.58,1.58,0,NA,NA,NA,NA,1,2789,NA,2789,2789,1,20.85,NA,20.85,20.85,0,NA,NA,NA,NA,1,0,NA,0,0
"24","544R01305",2015-04-23,"Confluence","Marsh Creek","CCCWP Creek Status Monitoring in WY2015","CCCWP_CSM_WY2015",145,1,0,1,2,12,0,20,3,0,0,79,0,0,0,0,0,12,0,0,17,13,0,1,0,0,2,0.0137931034482759,4,0.0275862068965517,"Marsh Creek",2015-04-23,"CCCWP Creek Status Monitoring in WY2015",6,"Confluence",0,NA,NA,NA,NA,0,NA,NA,NA,NA,0,NA,NA,NA,NA,0,NA,NA,NA,NA,1,7.5,NA,7.5,7.5,1,7.58,NA,7.58,7.58,1,0.83,NA,0.83,0.83,0,NA,NA,NA,NA,1,1433,NA,1433,1433,1,18.63,NA,18.63,18.63,0,NA,NA,NA,NA,1,0,NA,0,0
"25","544R01737",2018-05-16,"Confluence","Marsh Creek just upstream of Dainty Ave.","CCCWP Creek Status Monitoring in WY2018","CCCWP_CSM_WY2018",93,0,0,1,1,4,0,10,2,0,0,55,0,2,1,0,0,8,0,0,5,5,2,3,0,0,1,0.010752688172043,2,0.021505376344086,"Marsh Creek just upstream of Dainty Ave.",2018-05-16,"CCCWP Creek Status Monitoring in WY2018",9,"Confluence",0,NA,NA,NA,NA,0,NA,NA,NA,NA,1,0,NA,0,0,1,0.04,NA,0.04,0.04,1,8.05,NA,8.05,8.05,1,8.28,NA,8.28,8.28,1,0.63,NA,0.63,0.63,0,NA,NA,NA,NA,1,1123,NA,1123,1123,1,19.4,NA,19.4,19.4,0,NA,NA,NA,NA,1,0,NA,0,0
"26","544R01993",2018-05-16,"Confluence","Marsh Creek approx 250 m upstream of Lone Tree Way","CCCWP Creek Status Monitoring in WY2018","CCCWP_CSM_WY2018",57,0,0,0,0,6,0,8,1,0,0,41,0,1,0,0,0,3,0,0,0,1,0,2,0,0,0,0,0,0,"Marsh Creek approx 250 m upstream of Lone Tree Way",2018-05-16,"CCCWP Creek Status Monitoring in WY2018",9,"Confluence",0,NA,NA,NA,NA,0,NA,NA,NA,NA,1,0,NA,0,0,1,0.04,NA,0.04,0.04,1,7.57,NA,7.57,7.57,1,8.24,NA,8.24,8.24,1,0.57,NA,0.57,0.57,0,NA,NA,NA,NA,1,1001,NA,1001,1001,1,18.9,NA,18.9,18.9,0,NA,NA,NA,NA,1,0,NA,0,0
"27","544SAC004",2011-06-07,"Central Delta","San Joaquin River at Twitchell Island","RWB5 Clear Lake and Delta Cyanobacteria FY1011","RWB5_CyanoBac_FY1011",4,0,0,0,0,0,0,0,0,0,0,0,0,0,0,0,0,0,0,0,4,0,0,0,0,0,0,0,0,0,"San Joaquin River at Twitchell Island",2011-06-07,"RWB5 Clear Lake and Delta Cyanobacteria FY1011",6,"Central Delta",0,NA,NA,NA,NA,0,NA,NA,NA,NA,0,NA,NA,NA,NA,0,NA,NA,NA,NA,1,9.04,NA,9.04,9.04,1,7.16,NA,7.16,7.16,0,NA,NA,NA,NA,1,1.6,NA,1.6,1.6,1,149,NA,149,149,1,16.6,NA,16.6,16.6,1,5.8,NA,5.8,5.8,0,NA,NA,NA,NA
"28","544SAC004",2011-07-07,"Central Delta","San Joaquin River at Twitchell Island","RWB5 Clear Lake and Delta Cyanobacteria FY1112","RWB5_CyanoBac_FY1112",4,0,0,0,0,0,0,0,0,0,0,0,0,0,0,0,0,0,0,0,4,0,0,0,0,0,0,0,0,0,"San Joaquin River at Twitchell Island",2011-07-07,"RWB5 Clear Lake and Delta Cyanobacteria FY1112",6,"Central Delta",0,NA,NA,NA,NA,0,NA,NA,NA,NA,0,NA,NA,NA,NA,0,NA,NA,NA,NA,1,7.83,NA,7.83,7.83,1,7,NA,7,7,0,NA,NA,NA,NA,1,1.2,NA,1.2,1.2,1,119,NA,119,119,1,22.5,NA,22.5,22.5,1,4.2,NA,4.2,4.2,0,NA,NA,NA,NA
"29","544SAC004",2011-08-18,"Central Delta","San Joaquin River at Twitchell Island","RWB5 Clear Lake and Delta Cyanobacteria FY1112","RWB5_CyanoBac_FY1112",4,0,0,0,0,0,0,0,0,0,0,0,0,0,0,0,0,0,0,0,4,0,0,0,0,0,0,0,0,0,"San Joaquin River at Twitchell Island",2011-08-18,"RWB5 Clear Lake and Delta Cyanobacteria FY1112",6,"Central Delta",0,NA,NA,NA,NA,0,NA,NA,NA,NA,0,NA,NA,NA,NA,0,NA,NA,NA,NA,1,7.8,NA,7.8,7.8,1,7.34,NA,7.34,7.34,0,NA,NA,NA,NA,1,1.12,NA,1.12,1.12,1,204,NA,204,204,1,22.9,NA,22.9,22.9,1,8,NA,8,8,0,NA,NA,NA,NA
"30","544SAC004",2011-09-19,"Central Delta","San Joaquin River at Twitchell Island","RWB5 Clear Lake and Delta Cyanobacteria FY1112","RWB5_CyanoBac_FY1112",4,0,0,0,0,0,0,0,0,0,0,0,0,0,0,0,0,0,0,0,4,0,0,0,0,0,0,0,0,0,"San Joaquin River at Twitchell Island",2011-09-19,"RWB5 Clear Lake and Delta Cyanobacteria FY1112",6,"Central Delta",0,NA,NA,NA,NA,0,NA,NA,NA,NA,0,NA,NA,NA,NA,0,NA,NA,NA,NA,1,8.3,NA,8.3,8.3,1,7.88,NA,7.88,7.88,0,NA,NA,NA,NA,1,1.96,NA,1.96,1.96,1,178,NA,178,178,1,21.9,NA,21.9,21.9,1,6,NA,6,6,0,NA,NA,NA,NA
"31","544SAC004",2011-10-18,"Central Delta","San Joaquin River at Twitchell Island","RWB5 Clear Lake and Delta Cyanobacteria FY1112","RWB5_CyanoBac_FY1112",4,0,0,0,0,0,0,0,0,0,0,0,0,0,0,0,0,0,0,0,4,0,0,0,0,0,0,0,0,0,"San Joaquin River at Twitchell Island",2011-10-18,"RWB5 Clear Lake and Delta Cyanobacteria FY1112",6,"Central Delta",0,NA,NA,NA,NA,0,NA,NA,NA,NA,0,NA,NA,NA,NA,0,NA,NA,NA,NA,1,8.44,NA,8.44,8.44,1,7.64,NA,7.64,7.64,0,NA,NA,NA,NA,1,2.08,NA,2.08,2.08,1,141,NA,141,141,1,18.6,NA,18.6,18.6,1,4.3,NA,4.3,4.3,0,NA,NA,NA,NA
"32","544SJC010",2011-06-07,"Central Delta","San Joaquin River at Potato Point","RWB5 Clear Lake and Delta Cyanobacteria FY1011","RWB5_CyanoBac_FY1011",4,0,0,0,0,0,0,0,0,0,0,0,0,0,0,0,0,0,0,0,4,0,0,0,0,0,0,0,0,0,"San Joaquin River at Potato Point",2011-06-07,"RWB5 Clear Lake and Delta Cyanobacteria FY1011",6,"Central Delta",0,NA,NA,NA,NA,0,NA,NA,NA,NA,0,NA,NA,NA,NA,0,NA,NA,NA,NA,1,8.79,NA,8.79,8.79,1,7.14,NA,7.14,7.14,0,NA,NA,NA,NA,1,1.56,NA,1.56,1.56,1,139,NA,139,139,1,16.4,NA,16.4,16.4,1,6.4,NA,6.4,6.4,0,NA,NA,NA,NA
"33","544SJC010",2011-07-07,"Central Delta","San Joaquin River at Potato Point","RWB5 Clear Lake and Delta Cyanobacteria FY1112","RWB5_CyanoBac_FY1112",4,0,0,0,0,0,0,0,0,0,0,0,0,0,0,0,0,0,0,0,4,0,0,0,0,0,0,0,0,0,"San Joaquin River at Potato Point",2011-07-07,"RWB5 Clear Lake and Delta Cyanobacteria FY1112",6,"Central Delta",0,NA,NA,NA,NA,0,NA,NA,NA,NA,0,NA,NA,NA,NA,0,NA,NA,NA,NA,1,7.46,NA,7.46,7.46,1,7.26,NA,7.26,7.26,0,NA,NA,NA,NA,1,1.28,NA,1.28,1.28,1,115,NA,115,115,1,22.49,NA,22.49,22.49,1,4.4,NA,4.4,4.4,0,NA,NA,NA,NA
"34","544SJC010",2011-08-18,"Central Delta","San Joaquin River at Potato Point","RWB5 Clear Lake and Delta Cyanobacteria FY1112","RWB5_CyanoBac_FY1112",4,0,0,0,0,0,0,0,0,0,0,0,0,0,0,0,0,0,0,0,4,0,0,0,0,0,0,0,0,0,"San Joaquin River at Potato Point",2011-08-18,"RWB5 Clear Lake and Delta Cyanobacteria FY1112",6,"Central Delta",0,NA,NA,NA,NA,0,NA,NA,NA,NA,0,NA,NA,NA,NA,0,NA,NA,NA,NA,1,7.6,NA,7.6,7.6,1,7.11,NA,7.11,7.11,0,NA,NA,NA,NA,1,1.2,NA,1.2,1.2,1,154,NA,154,154,1,23.2,NA,23.2,23.2,1,6.3,NA,6.3,6.3,0,NA,NA,NA,NA
"35","544SJC010",2011-09-19,"Central Delta","San Joaquin River at Potato Point","RWB5 Clear Lake and Delta Cyanobacteria FY1112","RWB5_CyanoBac_FY1112",4,0,0,0,0,0,0,0,0,0,0,0,0,0,0,0,0,0,0,0,4,0,0,0,0,0,0,0,0,0,"San Joaquin River at Potato Point",2011-09-19,"RWB5 Clear Lake and Delta Cyanobacteria FY1112",6,"Central Delta",0,NA,NA,NA,NA,0,NA,NA,NA,NA,0,NA,NA,NA,NA,0,NA,NA,NA,NA,1,7.9,NA,7.9,7.9,1,7.67,NA,7.67,7.67,0,NA,NA,NA,NA,1,1.92,NA,1.92,1.92,1,169,NA,169,169,1,22,NA,22,22,1,5.1,NA,5.1,5.1,0,NA,NA,NA,NA
"36","544SJC010",2011-10-18,"Central Delta","San Joaquin River at Potato Point","RWB5 Clear Lake and Delta Cyanobacteria FY1112","RWB5_CyanoBac_FY1112",8,0,0,0,0,0,0,0,0,0,0,0,0,0,0,0,0,0,0,0,8,0,0,0,0,0,0,0,0,0,"San Joaquin River at Potato Point",2011-10-18,"RWB5 Clear Lake and Delta Cyanobacteria FY1112",6,"Central Delta",0,NA,NA,NA,NA,0,NA,NA,NA,NA,0,NA,NA,NA,NA,0,NA,NA,NA,NA,1,8.52,NA,8.52,8.52,1,7.8,NA,7.8,7.8,0,NA,NA,NA,NA,1,1.84,NA,1.84,1.84,1,135,NA,135,135,1,18.6,NA,18.6,18.6,1,5.2,NA,5.2,5.2,0,NA,NA,NA,NA
"37","BF21",2011-08-30,"Suisun Bay","Grizzly Bay (BF21)","2011 RMP Status and Trends","11RMP2ST",15,0,0,0,0,0,1,8,3,0,0,0,0,0,0,0,0,2,0,1,0,0,0,0,0,0,0,0,0,0,"Grizzly Bay (BF21)",2011-08-30,"2011 RMP Status and Trends",2,"Suisun Bay",0,NA,NA,NA,NA,0,NA,NA,NA,NA,0,NA,NA,NA,NA,0,NA,NA,NA,NA,0,NA,NA,NA,NA,1,6.6,NA,6.6,6.6,0,NA,NA,NA,NA,0,NA,NA,NA,NA,0,NA,NA,NA,NA,0,NA,NA,NA,NA,0,NA,NA,NA,NA,0,NA,NA,NA,NA
"38","BF21",2012-04-23,"Suisun Bay","Grizzly Bay (BF21)","2012 RMP Status and Trends","12RMP2ST",12,0,0,0,0,0,4,4,2,0,0,0,0,0,0,0,0,2,0,0,0,0,0,0,0,0,0,0,0,0,"Grizzly Bay (BF21)",2012-04-23,"2012 RMP Status and Trends",2,"Suisun Bay",0,NA,NA,NA,NA,0,NA,NA,NA,NA,0,NA,NA,NA,NA,0,NA,NA,NA,NA,0,NA,NA,NA,NA,1,6.5,NA,6.5,6.5,0,NA,NA,NA,NA,0,NA,NA,NA,NA,0,NA,NA,NA,NA,0,NA,NA,NA,NA,0,NA,NA,NA,NA,0,NA,NA,NA,NA
"39","BG20",2011-08-30,"Confluence","Sacramento River (BG20)","2011 RMP Status and Trends","11RMP2ST",9,0,0,0,0,0,0,3,3,0,0,0,0,0,0,0,0,3,0,0,0,0,0,0,0,0,0,0,0,0,"Sacramento River (BG20)",2011-08-30,"2011 RMP Status and Trends",2,"Confluence",0,NA,NA,NA,NA,0,NA,NA,NA,NA,0,NA,NA,NA,NA,0,NA,NA,NA,NA,0,NA,NA,NA,NA,1,6.9,NA,6.9,6.9,0,NA,NA,NA,NA,0,NA,NA,NA,NA,0,NA,NA,NA,NA,0,NA,NA,NA,NA,0,NA,NA,NA,NA,0,NA,NA,NA,NA
"40","BG20",2012-04-24,"Confluence","Sacramento River (BG20)","2012 RMP Status and Trends","12RMP2ST",8,0,0,0,0,0,1,3,2,0,0,0,0,0,0,0,0,2,0,0,0,0,0,0,0,0,0,0,0,0,"Sacramento River (BG20)",2012-04-24,"2012 RMP Status and Trends",2,"Confluence",0,NA,NA,NA,NA,0,NA,NA,NA,NA,0,NA,NA,NA,NA,0,NA,NA,NA,NA,0,NA,NA,NA,NA,1,7.6,NA,7.6,7.6,0,NA,NA,NA,NA,0,NA,NA,NA,NA,0,NA,NA,NA,NA,0,NA,NA,NA,NA,0,NA,NA,NA,NA,0,NA,NA,NA,NA
"41","BG30",2011-08-30,"Confluence","San Joaquin River (BG30)","2011 RMP Status and Trends","11RMP2ST",12,0,0,0,0,0,1,4,2,1,0,0,0,0,0,0,0,4,0,0,0,0,0,0,0,0,0,0,0,0,"San Joaquin River (BG30)",2011-08-30,"2011 RMP Status and Trends",2,"Confluence",0,NA,NA,NA,NA,0,NA,NA,NA,NA,0,NA,NA,NA,NA,0,NA,NA,NA,NA,0,NA,NA,NA,NA,1,6.8,NA,6.8,6.8,0,NA,NA,NA,NA,0,NA,NA,NA,NA,0,NA,NA,NA,NA,0,NA,NA,NA,NA,0,NA,NA,NA,NA,0,NA,NA,NA,NA
"42","BG30",2012-04-24,"Confluence","San Joaquin River (BG30)","2012 RMP Status and Trends","12RMP2ST",15,0,0,0,0,0,4,4,2,2,0,0,0,0,0,0,0,3,0,0,0,0,0,0,0,0,0,0,0,0,"San Joaquin River (BG30)",2012-04-24,"2012 RMP Status and Trends",2,"Confluence",0,NA,NA,NA,NA,0,NA,NA,NA,NA,0,NA,NA,NA,NA,0,NA,NA,NA,NA,0,NA,NA,NA,NA,1,7,NA,7,7,0,NA,NA,NA,NA,0,NA,NA,NA,NA,0,NA,NA,NA,NA,0,NA,NA,NA,NA,0,NA,NA,NA,NA,0,NA,NA,NA,NA
"43","BG30",2012-04-24,"Confluence","San Joaquin River (BG30)","2012 RMP Status and Trends","12RMP2ST",15,0,0,0,0,0,4,4,2,2,0,0,0,0,0,0,0,3,0,0,0,0,0,0,0,0,0,0,0,0,"San Joaquin River at Antioch Ship Channel",2012-04-24,"RWB2 Suisun Bay Monitoring Study 2012",13,"Confluence",0,NA,NA,NA,NA,0,NA,NA,NA,NA,0,NA,NA,NA,NA,0,NA,NA,NA,NA,2,8.84,0,8.84,8.84,2,7.75,0,7.75,7.75,2,0.1,0,0.1,0.1,2,0.5,0,0.5,0.5,2,221,0,221,221,2,17.55,0,17.55,17.55,0,NA,NA,NA,NA,0,NA,NA,NA,NA
"44","BG30",2012-04-24,"Confluence","San Joaquin River (BG30)","2012 RMP Status and Trends","12RMP2ST",15,0,0,0,0,0,4,4,2,2,0,0,0,0,0,0,0,3,0,0,0,0,0,0,0,0,0,0,0,0,"San Joaquin River at Kimbal Island near Antioch, CA",2012-04-24,"USGS Suisun Bay Monitoring Project 2011-2012",4,"Confluence",0,NA,NA,NA,NA,0,NA,NA,NA,NA,0,NA,NA,NA,NA,0,NA,NA,NA,NA,1,8.8,NA,8.8,8.8,1,7.8,NA,7.8,7.8,0,NA,NA,NA,NA,0,NA,NA,NA,NA,1,221,NA,221,221,1,17.6,NA,17.6,17.6,0,NA,NA,NA,NA,0,NA,NA,NA,NA
"45","DCN02",2018-05-16,"Confluence","Deer Creek downstream of Minnesota Ave","Three Creeks Restoration","3CREEKS",10,1,0,0,0,7,0,8,1,0,0,0,0,0,0,0,0,1,0,0,0,0,0,0,0,0,3,0.3,3,0.3,"Deer Creek downstream of Minnesota Ave",2018-05-16,"Three Creeks Restoration",9,"Confluence",1,NA,NA,NA,NA,0,NA,NA,NA,NA,0,NA,NA,NA,NA,0,NA,NA,NA,NA,1,8.33,NA,8.33,8.33,1,7.98,NA,7.98,7.98,1,NA,NA,NA,NA,0,NA,NA,NA,NA,1,990,NA,990,990,2,17.715,0.728319984622145,17.2,18.23,1,6.54,NA,6.54,6.54,1,NA,NA,NA,NA
"46","DCN02",2018-05-16,"Confluence","Deer Creek downstream of Minnesota Ave","Three Creeks Restoration","3CREEKS",10,1,0,0,0,7,0,8,1,0,0,0,0,0,0,0,0,1,0,0,0,0,0,0,0,0,3,0.3,3,0.3,"Marsh Ck. below Deer Ck",2018-05-16,"Three Creeks Restoration",9,"Confluence",1,NA,NA,NA,NA,0,NA,NA,NA,NA,0,NA,NA,NA,NA,0,NA,NA,NA,NA,1,6.27,NA,6.27,6.27,1,7.85,NA,7.85,7.85,1,NA,NA,NA,NA,0,NA,NA,NA,NA,1,840,NA,840,840,2,14.55,2.47487373415292,12.8,16.3,1,17.2,NA,17.2,17.2,1,NA,NA,NA,NA
"47","MC01",2018-05-14,"Confluence","Marsh Ck downstream of Cypress Road bridge","Three Creeks Restoration","3CREEKS",24,2,0,3,0,8,0,17,2,0,0,0,0,0,0,0,1,3,1,0,0,0,0,0,0,0,9,0.375,9,0.375,"Marsh Ck downstream of Cypress Road bridge",2018-05-14,"Three Creeks Restoration",9,"Confluence",1,NA,NA,NA,NA,0,NA,NA,NA,NA,0,NA,NA,NA,NA,0,NA,NA,NA,NA,1,6.43,NA,6.43,6.43,1,8.23,NA,8.23,8.23,1,NA,NA,NA,NA,0,NA,NA,NA,NA,1,1460,NA,1460,1460,2,16.185,3.23147799002252,13.9,18.47,1,2.54,NA,2.54,2.54,1,NA,NA,NA,NA
"48","MC02",2018-05-14,"Confluence","Marsh Ck upstream of Delta Road bridge","Three Creeks Restoration","3CREEKS",24,2,0,3,0,9,0,17,2,0,0,0,0,0,0,0,0,4,1,0,0,0,0,0,0,0,10,0.416666666666667,10,0.416666666666667,"Marsh Ck upstream of Delta Road bridge",2018-05-14,"Three Creeks Restoration",9,"Confluence",1,NA,NA,NA,NA,0,NA,NA,NA,NA,0,NA,NA,NA,NA,0,NA,NA,NA,NA,1,14,NA,14,14,1,8.41,NA,8.41,8.41,1,NA,NA,NA,NA,0,NA,NA,NA,NA,1,1370,NA,1370,1370,2,21.05,0.0707106781186558,21,21.1,1,2.58,NA,2.58,2.58,1,NA,NA,NA,NA
"49","MC08",2018-05-18,"Confluence","Marsh Ck at Tech Center","Three Creeks Restoration","3CREEKS",15,0,0,1,1,4,0,8,1,0,0,0,0,0,0,0,0,6,0,0,0,0,0,0,0,0,4,0.266666666666667,5,0.333333333333333,"Marsh Ck at Tech Center",2018-05-18,"Three Creeks Restoration",9,"Confluence",1,NA,NA,NA,NA,0,NA,NA,NA,NA,0,NA,NA,NA,NA,0,NA,NA,NA,NA,1,5.5,NA,5.5,5.5,1,8.1,NA,8.1,8.1,1,NA,NA,NA,NA,0,NA,NA,NA,NA,1,580,NA,580,580,2,15.75,2.61629509039023,13.9,17.6,1,5.15,NA,5.15,5.15,1,NA,NA,NA,NA
"50","MC11",2018-05-16,"Confluence","Marsh Ck. below Deer Ck","Three Creeks Restoration","3CREEKS",6,0,0,0,0,3,0,4,1,0,0,0,0,0,0,0,0,1,0,0,0,0,0,0,0,0,6,1,6,1,"Deer Creek downstream of Minnesota Ave",2018-05-16,"Three Creeks Restoration",9,"Confluence",1,NA,NA,NA,NA,0,NA,NA,NA,NA,0,NA,NA,NA,NA,0,NA,NA,NA,NA,1,8.33,NA,8.33,8.33,1,7.98,NA,7.98,7.98,1,NA,NA,NA,NA,0,NA,NA,NA,NA,1,990,NA,990,990,2,17.715,0.728319984622145,17.2,18.23,1,6.54,NA,6.54,6.54,1,NA,NA,NA,NA
"51","MC11",2018-05-16,"Confluence","Marsh Ck. below Deer Ck","Three Creeks Restoration","3CREEKS",6,0,0,0,0,3,0,4,1,0,0,0,0,0,0,0,0,1,0,0,0,0,0,0,0,0,6,1,6,1,"Marsh Ck. below Deer Ck",2018-05-16,"Three Creeks Restoration",9,"Confluence",1,NA,NA,NA,NA,0,NA,NA,NA,NA,0,NA,NA,NA,NA,0,NA,NA,NA,NA,1,6.27,NA,6.27,6.27,1,7.85,NA,7.85,7.85,1,NA,NA,NA,NA,0,NA,NA,NA,NA,1,840,NA,840,840,2,14.55,2.47487373415292,12.8,16.3,1,17.2,NA,17.2,17.2,1,NA,NA,NA,NA
"52","MC12",2018-05-15,"Confluence","Marsh Ck. below Sand Ck","Three Creeks Restoration","3CREEKS",17,0,0,1,0,7,0,11,2,0,0,0,0,0,0,0,0,4,0,0,0,0,0,0,0,0,4,0.235294117647059,4,0.235294117647059,"Marsh Ck. below Sand Ck",2018-05-15,"Three Creeks Restoration",9,"Confluence",1,NA,NA,NA,NA,0,NA,NA,NA,NA,0,NA,NA,NA,NA,0,NA,NA,NA,NA,1,8.5,NA,8.5,8.5,1,8,NA,8,8,1,NA,NA,NA,NA,0,NA,NA,NA,NA,1,1300,NA,1300,1300,2,21.65,0.777817459305201,21.1,22.2,1,45.85,NA,45.85,45.85,1,NA,NA,NA,NA
"53","MC12",2018-05-15,"Confluence","Marsh Ck. below Sand Ck","Three Creeks Restoration","3CREEKS",17,0,0,1,0,7,0,11,2,0,0,0,0,0,0,0,0,4,0,0,0,0,0,0,0,0,4,0.235294117647059,4,0.235294117647059,"Sungold Park",2018-05-15,"Three Creeks Restoration",9,"Confluence",1,NA,NA,NA,NA,0,NA,NA,NA,NA,0,NA,NA,NA,NA,0,NA,NA,NA,NA,1,6.5,NA,6.5,6.5,1,7.9,NA,7.9,7.9,1,NA,NA,NA,NA,0,NA,NA,NA,NA,1,2000,NA,2000,2000,2,18.75,1.34350288425444,17.8,19.7,1,11.25,NA,11.25,11.25,1,NA,NA,NA,NA
"54","MC13",2018-05-16,"Confluence","Creekside Park","Three Creeks Restoration","3CREEKS",11,0,0,0,0,4,0,6,2,0,0,0,0,0,0,0,0,3,0,0,0,0,0,0,0,0,1,0.0909090909090909,1,0.0909090909090909,"Creekside Park",2018-05-16,"Three Creeks Restoration",9,"Confluence",1,NA,NA,NA,NA,0,NA,NA,NA,NA,0,NA,NA,NA,NA,0,NA,NA,NA,NA,1,6.91,NA,6.91,6.91,1,7.9,NA,7.9,7.9,1,NA,NA,NA,NA,0,NA,NA,NA,NA,1,1028,NA,1028,1028,2,16.53,0.947523086789974,15.86,17.2,1,1.61,NA,1.61,1.61,1,NA,NA,NA,NA
"55","MCN10",2018-05-15,"Confluence","Sungold Park","Three Creeks Restoration","3CREEKS",16,0,0,2,1,4,0,9,1,0,0,0,0,0,0,0,0,5,1,0,0,0,0,0,0,0,4,0.25,5,0.3125,"Marsh Ck. below Sand Ck",2018-05-15,"Three Creeks Restoration",9,"Confluence",1,NA,NA,NA,NA,0,NA,NA,NA,NA,0,NA,NA,NA,NA,0,NA,NA,NA,NA,1,8.5,NA,8.5,8.5,1,8,NA,8,8,1,NA,NA,NA,NA,0,NA,NA,NA,NA,1,1300,NA,1300,1300,2,21.65,0.777817459305201,21.1,22.2,1,45.85,NA,45.85,45.85,1,NA,NA,NA,NA
"56","MCN10",2018-05-15,"Confluence","Sungold Park","Three Creeks Restoration","3CREEKS",16,0,0,2,1,4,0,9,1,0,0,0,0,0,0,0,0,5,1,0,0,0,0,0,0,0,4,0.25,5,0.3125,"Sungold Park",2018-05-15,"Three Creeks Restoration",9,"Confluence",1,NA,NA,NA,NA,0,NA,NA,NA,NA,0,NA,NA,NA,NA,0,NA,NA,NA,NA,1,6.5,NA,6.5,6.5,1,7.9,NA,7.9,7.9,1,NA,NA,NA,NA,0,NA,NA,NA,NA,1,2000,NA,2000,2000,2,18.75,1.34350288425444,17.8,19.7,1,11.25,NA,11.25,11.25,1,NA,NA,NA,NA
"57","SU024S",2011-08-30,"Suisun Bay","Suisun Bay (SU024S)","2011 RMP Status and Trends","11RMP2ST",13,0,0,0,0,0,1,5,3,1,0,0,0,0,0,0,0,3,0,0,0,0,0,0,0,0,0,0,0,0,"Suisun Bay (SU024S)",2011-08-30,"2011 RMP Status and Trends",2,"Suisun Bay",0,NA,NA,NA,NA,0,NA,NA,NA,NA,0,NA,NA,NA,NA,0,NA,NA,NA,NA,0,NA,NA,NA,NA,1,7,NA,7,7,0,NA,NA,NA,NA,0,NA,NA,NA,NA,0,NA,NA,NA,NA,0,NA,NA,NA,NA,0,NA,NA,NA,NA,0,NA,NA,NA,NA
"58","SU027S",2012-04-23,"Suisun Bay","Suisun Bay (SU027S)","2012 RMP Status and Trends","12RMP2ST",10,0,0,0,0,0,3,4,1,0,0,0,0,0,0,0,0,2,0,0,0,0,0,0,0,0,0,0,0,0,"Suisun Bay (SU027S)",2012-04-23,"2012 RMP Status and Trends",2,"Suisun Bay",0,NA,NA,NA,NA,0,NA,NA,NA,NA,0,NA,NA,NA,NA,0,NA,NA,NA,NA,0,NA,NA,NA,NA,1,6.8,NA,6.8,6.8,0,NA,NA,NA,NA,0,NA,NA,NA,NA,0,NA,NA,NA,NA,0,NA,NA,NA,NA,0,NA,NA,NA,NA,0,NA,NA,NA,NA
"59","SU044S",2011-08-29,"Suisun Bay","Suisun Bay (SU044S)","2011 RMP Status and Trends","11RMP2ST",9,0,0,0,0,0,2,2,2,0,1,0,0,0,0,0,0,2,0,0,0,0,0,0,0,0,0,0,0,0,"Suisun Bay (SU044S)",2011-08-29,"2011 RMP Status and Trends",2,"Suisun Bay",0,NA,NA,NA,NA,0,NA,NA,NA,NA,0,NA,NA,NA,NA,0,NA,NA,NA,NA,0,NA,NA,NA,NA,1,6.4,NA,6.4,6.4,0,NA,NA,NA,NA,0,NA,NA,NA,NA,0,NA,NA,NA,NA,0,NA,NA,NA,NA,0,NA,NA,NA,NA,0,NA,NA,NA,NA
"60","SU048S",2011-08-30,"Suisun Bay","Suisun Bay (SU048S)","2011 RMP Status and Trends","11RMP2ST",17,0,0,0,0,0,0,5,7,1,0,0,0,0,0,0,1,3,0,0,0,0,0,0,0,0,0,0,0,0,"Suisun Bay (SU048S)",2011-08-30,"2011 RMP Status and Trends",2,"Suisun Bay",0,NA,NA,NA,NA,0,NA,NA,NA,NA,0,NA,NA,NA,NA,0,NA,NA,NA,NA,0,NA,NA,NA,NA,1,6.8,NA,6.8,6.8,0,NA,NA,NA,NA,0,NA,NA,NA,NA,0,NA,NA,NA,NA,0,NA,NA,NA,NA,0,NA,NA,NA,NA,0,NA,NA,NA,NA
"61","SU073S",2011-08-29,"Suisun Bay","Suisun Bay (SU073S)","2011 RMP Status and Trends","11RMP2ST",20,0,0,0,0,0,2,8,5,0,0,0,0,0,0,0,0,4,0,1,0,0,0,0,0,0,0,0,0,0,"Suisun Bay (SU073S)",2011-08-29,"2011 RMP Status and Trends",2,"Suisun Bay",0,NA,NA,NA,NA,0,NA,NA,NA,NA,0,NA,NA,NA,NA,0,NA,NA,NA,NA,0,NA,NA,NA,NA,1,6.6,NA,6.6,6.6,0,NA,NA,NA,NA,0,NA,NA,NA,NA,0,NA,NA,NA,NA,0,NA,NA,NA,NA,0,NA,NA,NA,NA,0,NA,NA,NA,NA
"62","SU073S",2012-04-23,"Suisun Bay","Suisun Bay (SU073S)","2012 RMP Status and Trends","12RMP2ST",11,0,0,0,0,0,2,4,3,0,0,0,0,0,0,0,0,2,0,0,0,0,0,0,0,0,0,0,0,0,"Suisun Bay (SU073S)",2012-04-23,"2012 RMP Status and Trends",2,"Suisun Bay",0,NA,NA,NA,NA,0,NA,NA,NA,NA,0,NA,NA,NA,NA,0,NA,NA,NA,NA,0,NA,NA,NA,NA,1,6.9,NA,6.9,6.9,0,NA,NA,NA,NA,0,NA,NA,NA,NA,0,NA,NA,NA,NA,0,NA,NA,NA,NA,0,NA,NA,NA,NA,0,NA,NA,NA,NA
"63","SU128S",2012-04-23,"Suisun Bay","Suisun Bay (SU128S)","2012 RMP Status and Trends","12RMP2ST",18,0,0,0,0,0,7,5,3,0,0,0,0,0,0,0,0,3,0,0,0,0,0,0,0,0,0,0,0,0,"Suisun Bay (SU128S)",2012-04-23,"2012 RMP Status and Trends",2,"Suisun Bay",0,NA,NA,NA,NA,0,NA,NA,NA,NA,0,NA,NA,NA,NA,0,NA,NA,NA,NA,0,NA,NA,NA,NA,1,7,NA,7,7,0,NA,NA,NA,NA,0,NA,NA,NA,NA,0,NA,NA,NA,NA,0,NA,NA,NA,NA,0,NA,NA,NA,NA,0,NA,NA,NA,NA
"64","SU131S",2012-04-23,"Suisun Bay","Suisun Bay (SU131S)","2012 RMP Status and Trends","12RMP2ST",13,0,0,0,0,0,1,5,4,0,0,0,0,0,0,0,0,3,0,0,0,0,0,0,0,0,0,0,0,0,"Suisun Bay (SU131S)",2012-04-23,"2012 RMP Status and Trends",2,"Suisun Bay",0,NA,NA,NA,NA,0,NA,NA,NA,NA,0,NA,NA,NA,NA,0,NA,NA,NA,NA,0,NA,NA,NA,NA,1,6.3,NA,6.3,6.3,0,NA,NA,NA,NA,0,NA,NA,NA,NA,0,NA,NA,NA,NA,0,NA,NA,NA,NA,0,NA,NA,NA,NA,0,NA,NA,NA,NA
